rank,title,link,hot_value,crawl_time
1,车被黑狗啃到面目全非,https://s.weibo.com/weibo?q=#车被黑狗啃到面目全非#,1137822,2025-10-03 02:45:35
2,普京回击特朗普,https://s.weibo.com/weibo?q=#普京回击特朗普#,575608,2025-10-03 02:45:35
3,网警送你国庆出行购票安全指南,https://s.weibo.com/weibo?q=#网警送你国庆出行购票安全指南#,373716,2025-10-03 02:45:35
4,人人人人人人鸡排哥人人人人人人,https://s.weibo.com/weibo?q=#人人人人人人鸡排哥人人人人人人#,267804,2025-10-03 02:45:35
5,记录加沙的摄影师被炸死,https://s.weibo.com/weibo?q=#记录加沙的摄影师被炸死#,258680,2025-10-03 02:45:35
6,运动三个月不胖和好瘦的区别,https://s.weibo.com/weibo?q=运动三个月不胖和好瘦的区别,238642,2025-10-03 02:45:35
7,女子电话得知车被狗啃以为是诈骗,https://s.weibo.com/weibo?q=#女子电话得知车被狗啃以为是诈骗#,183208,2025-10-03 02:45:35
8,普京回应特朗普称俄为纸老虎,https://s.weibo.com/weibo?q=#普京回应特朗普称俄为纸老虎#,143908,2025-10-03 02:45:35
9,王楚钦卡壳半天蹦出来一句他老婆,https://s.weibo.com/weibo?q=王楚钦卡壳半天蹦出来一句他老婆,143879,2025-10-03 02:45:35
10,国庆中秋假期游玩好去处,https://s.weibo.com/weibo?q=#国庆中秋假期游玩好去处#,143787,2025-10-03 02:45:35
11,迪丽热巴张馨予巴黎街头聚餐,https://s.weibo.com/weibo?q=#迪丽热巴张馨予巴黎街头聚餐#,143736,2025-10-03 02:45:35
12,音乐节称不便透露坐地起价艺人名字,https://s.weibo.com/weibo?q=#音乐节称不便透露坐地起价艺人名字#,143695,2025-10-03 02:45:35
13,陈赫一家四口瑞士度假,https://s.weibo.com/weibo?q=陈赫一家四口瑞士度假,143592,2025-10-03 02:45:35
14,章莹颖男友已开始新恋情,https://s.weibo.com/weibo?q=#章莹颖男友已开始新恋情#,143565,2025-10-03 02:45:35
15,有网友3年前预测鸡排哥将成顶流,https://s.weibo.com/weibo?q=#有网友3年前预测鸡排哥将成顶流#,143499,2025-10-03 02:45:35
16,李纯说马頔哪哪都是加分项,https://s.weibo.com/weibo?q=#李纯说马頔哪哪都是加分项#,143428,2025-10-03 02:45:35
17,刘诗诗蓝色大衣,https://s.weibo.com/weibo?q=#刘诗诗蓝色大衣#,143381,2025-10-03 02:45:35
18,美军阅兵方阵没有一个动作是一样的,https://s.weibo.com/weibo?q=美军阅兵方阵没有一个动作是一样的,143313,2025-10-03 02:45:35
19,迪丽热巴入选美版VOGUE最佳街拍,https://s.weibo.com/weibo?q=#迪丽热巴入选美版VOGUE最佳街拍#,143197,2025-10-03 02:45:35
20,一晚上偶遇三次鹿晗,https://s.weibo.com/weibo?q=#一晚上偶遇三次鹿晗#,143148,2025-10-03 02:45:35
21,王俊凯CL巴黎大秀造型,https://s.weibo.com/weibo?q=#王俊凯CL巴黎大秀造型#,143052,2025-10-03 02:45:35
22,朱志鑫来公司洗了个头,https://s.weibo.com/weibo?q=#朱志鑫来公司洗了个头#,143016,2025-10-03 02:45:35
23,导致视力下降的真实原因,https://s.weibo.com/weibo?q=导致视力下降的真实原因,142923,2025-10-03 02:45:35
24,鸡排哥为不辜负网友热情营业到深夜,https://s.weibo.com/weibo?q=#鸡排哥为不辜负网友热情营业到深夜#,142920,2025-10-03 02:45:35
25,宋亚轩 敬山水,https://s.weibo.com/weibo?q=宋亚轩 敬山水,126531,2025-10-03 02:45:35
26,陈伟霆的评论区人均梗王,https://s.weibo.com/weibo?q=陈伟霆的评论区人均梗王,124429,2025-10-03 02:45:35
27,成龙王力宏亲了,https://s.weibo.com/weibo?q=#成龙王力宏亲了#,105322,2025-10-03 02:45:35
28,泰山山顶宾馆提供99元坐席可过夜,https://s.weibo.com/weibo?q=#泰山山顶宾馆提供99元坐席可过夜#,103965,2025-10-03 02:45:35
29,宋亚轩一秒红温,https://s.weibo.com/weibo?q=宋亚轩一秒红温,103854,2025-10-03 02:45:35
30,许妍又哭成被父母抛弃的模样,https://s.weibo.com/weibo?q=许妍又哭成被父母抛弃的模样,103360,2025-10-03 02:45:35
31,双休7千单休9千怎么选,https://s.weibo.com/weibo?q=双休7千单休9千怎么选,98710,2025-10-03 02:45:35
32,戚薇g社镜头,https://s.weibo.com/weibo?q=#戚薇g社镜头#,93028,2025-10-03 02:45:35
33,许妍卸妆,https://s.weibo.com/weibo?q=#许妍卸妆#,88312,2025-10-03 02:45:35
34,导演看了花少5才选择了王安宇,https://s.weibo.com/weibo?q=#导演看了花少5才选择了王安宇#,87945,2025-10-03 02:45:35
35,美国人将很快感受到政府停摆之痛,https://s.weibo.com/weibo?q=#美国人将很快感受到政府停摆之痛#,86305,2025-10-03 02:45:35
36,东北虎二埋汰穿西装迎客,https://s.weibo.com/weibo?q=#东北虎二埋汰穿西装迎客#,83281,2025-10-03 02:45:35
37,当我爸第一次知道我的血型,https://s.weibo.com/weibo?q=当我爸第一次知道我的血型,82629,2025-10-03 02:45:35
38,王曼昱回应被称日乒叹息之墙,https://s.weibo.com/weibo?q=#王曼昱回应被称日乒叹息之墙#,79086,2025-10-03 02:45:35
39,此刻的小猫以为自己是超人,https://s.weibo.com/weibo?q=此刻的小猫以为自己是超人,75018,2025-10-03 02:45:35
40,孙颖莎好奇谁想和王楚钦做男双搭档,https://s.weibo.com/weibo?q=#孙颖莎好奇谁想和王楚钦做男双搭档#,70799,2025-10-03 02:45:35
41,平凡的劳动者凭什么火出圈,https://s.weibo.com/weibo?q=#平凡的劳动者凭什么火出圈#,70432,2025-10-03 02:45:35
42,六公主播肖战版射雕,https://s.weibo.com/weibo?q=#六公主播肖战版射雕#,68989,2025-10-03 02:45:35
43,菲律宾地震68人死亡,https://s.weibo.com/weibo?q=#菲律宾地震68人死亡#,66443,2025-10-03 02:45:35
44,有些人宁可失去你,https://s.weibo.com/weibo?q=有些人宁可失去你,65041,2025-10-03 02:45:35
45,基础环境拍出不基础的婚礼,https://s.weibo.com/weibo?q=基础环境拍出不基础的婚礼,64939,2025-10-03 02:45:35
46,第一次国庆不用写作业,https://s.weibo.com/weibo?q=第一次国庆不用写作业,64168,2025-10-03 02:45:35
47,香港人盯上内地医保,https://s.weibo.com/weibo?q=#香港人盯上内地医保#,63458,2025-10-03 02:45:35
48,NBA季前赛,https://s.weibo.com/weibo?q=NBA季前赛,60582,2025-10-03 02:45:35
49,林孝埈中国龙战袍太亮眼,https://s.weibo.com/weibo?q=#林孝埈中国龙战袍太亮眼#,60191,2025-10-03 02:45:35
50,菲律宾地震36万人受灾,https://s.weibo.com/weibo?q=#菲律宾地震36万人受灾#,59688,2025-10-03 02:45:35
1,#为祖国发展繁荣而不懈奋斗#,https://s.weibo.com/weibo?q=##为祖国发展繁荣而不懈奋斗##,政府,2025-10-03 02:45:35
